,job title,company name,avg salary,city,state,education,technical skills,soft skills,business skills
0,Data Analyst,7-Eleven (Corporate Stores),80000.0,Irving,TX,[],"['Power BI', 'Microsoft Office', 'Analysis skills', 'Quantitative analysis', 'Accounting']",['Organizational skills'],[]
1,Data Analyst,Assured Consulting Solutions,190000.0,Riverdale Park,MD,"[""Master's degree"", ""Bachelor's degree""]","['Data modeling', 'TS/SCI', 'R', 'NoSQL', 'SQL', 'AI', 'Python']",[],"['Jira', 'Program management', 'Kanban']"
2,Data Analyst,Axcelis Technologies Inc.,94000.0,Beverly,MA,"[""Bachelor's degree""]",[],[],[]
3,Data Analyst,BDR Solutions,190000.0,Reston,VA,"[""Bachelor's degree""]","['Power BI', 'Data mining', 'Computer Science', 'Full-stack development', 'TS/SCI', 'Writing skills', 'R', 'Data analysis skills', 'Microsoft Office', 'Tableau', 'Application development', 'SQL', 'Analysis skills', 'Machine learning', 'Software development', 'Predictive analytics', 'Data visualization', 'AI', 'Python', 'Analytics']","['Research', 'Communication skills']",[]
4,Data Analyst,Biogen,109500.0,Weston,MA,"[""Master's degree"", ""Bachelor's degree""]","['Microsoft Powerpoint', 'Microsoft Excel', 'Relational databases', 'R', 'Marketing mix modeling', 'Java', 'Analysis skills', 'Machine learning', 'Scala', 'Deep learning', 'Regression analysis', 'Data visualization', 'Clustering', 'Python']",[],[]
5,Data Analyst,Block,140000.0,San Francisco,CA,"['Doctoral degree', ""Master's degree"", ""Bachelor's degree"", 'Doctor of Philosophy', 'Master of Science']","['SQL', 'Analysis skills', 'Machine learning', 'Scripting', 'Clustering', 'Python', 'Analytics']",['Communication skills'],['Product management']
6,Data Analyst,Business Integra Inc,150641.0,Fort Belvoir,VA,[],"['Analysis skills', 'Machine learning', 'Data collection', 'Python']",[],[]
7,Data Analyst,CalypsoAI,132500.0,Remote,Remote,[],"['TensorFlow', 'PyTorch', 'C++', 'Machine learning', 'Natural language processing', 'AI', 'Python']",['Research'],[]
8,Data Analyst,CoreLogic,104500.0,San Diego,CA,"[""Master's degree""]","['TensorFlow', 'PyTorch', 'R', 'Analysis skills', 'C++', 'C', 'Machine learning', 'Deep learning', 'AI', 'Python']","['Leadership', 'Communication skills']",[]
9,Data Analyst,Etsy,120000.0,Brooklyn,NY,[],"['R', 'E-commerce', 'SQL', 'Analysis skills', 'Scripting', 'Computer networking', 'Python']",[],[]
10,Data Analyst,FI Consulting,138500.0,Arlington,VA,"['Doctoral degree', ""Master's degree"", 'Doctor of Philosophy']","['TensorFlow', 'Oracle', 'Data mining', 'XML', 'PyTorch', 'SAS', 'Big data', 'Data structures', 'R', 'UNIX', 'SPARQL', 'Databases', 'SQL', 'Machine learning', 'Deep learning', 'Risk management', 'Natural language processing', 'RDF', 'Teradata', 'Data collection', 'Data visualization', 'Data warehouse', 'Python', 'Hadoop']",['Communication skills'],"['Azure', 'Google Cloud Platform', 'AWS']"
11,Data Analyst,Five Below,177600.0,Philadelphia,PA,"['Doctoral degree', ""Master's degree"", 'Doctor of Philosophy']","['Computer science', 'MATLAB', 'Power BI', 'Data mining', 'SAS', 'R', 'Tableau', 'SQL', 'Math', 'Machine learning', 'Predictive analytics', 'Python']",['Communication skills'],[]
12,Data Analyst,GM Financial,86000.0,Fort Worth,TX,"['Doctoral degree', ""Master's degree"", 'Doctor of Philosophy']","['Microsoft Powerpoint', 'Computer science', 'Pricing', 'Microsoft Excel', 'Data mining', 'Statistics', 'Applied Mathematics', 'SAS', 'R', 'Data analysis skills', 'Microsoft Office', 'SQL', 'Analysis skills', 'Machine learning', 'Forecasting', 'Regression analysis', 'Data science', 'Data collection', 'Python', 'Marketing']",['Research'],[]
13,Data Analyst,"Global InfoTek, Inc.",141500.0,Remote,Remote,"[""Bachelor's degree""]","['Cloud infrastructure', 'Kubernetes', 'Big data', 'Spark', 'Analysis skills', 'Docker', 'Machine learning', 'Data science', 'Clustering', 'Analytics']",['Research'],[]
14,Data Analyst,HII,111000.0,Adelphi,MD,"[""Master's degree"", 'High school diploma or GED', ""Bachelor's degree""]","['Data structures', 'Database management', 'Machine learning', 'Software development', 'AI', 'Python']",[],[]
15,Data Analyst,Horizon Therapeutics,89500.0,Deerfield,IL,"[""Master's degree"", ""Bachelor's degree""]","['Microsoft Powerpoint', 'Microsoft Excel', 'SAS', 'Data analysis skills', 'Analysis skills', 'Analytics']",[],[]
16,Data Analyst,Houston Methodist,150500.0,Houston,TX,"[""Master's degree""]","['Statistics', 'Computer Science', 'Writing skills', 'Data analysis skills', 'Database management', 'Analytics']",['Customer service'],[]
17,Data Analyst,IXIS Digital,101000.0,Burlington,VT,"['Bachelor of Science', ""Bachelor's degree"", 'Bachelor of Arts']","['Computer science', 'Computer Science', 'R', 'Data analysis skills', 'E-commerce', 'SQL', 'Machine learning', 'APIs', 'Data visualization', 'Google Analytics', 'GitLab', 'Python', 'Adobe Analytics', 'Analytics']",[],['AWS']
18,Data Analyst,Ignite Fueling Innovation,125000.0,Dayton,OH,"[""Bachelor's degree""]","['Computer Science', 'Calculus', 'TS/SCI', 'R', 'Data analysis skills', 'Tableau', 'Analysis skills', 'Machine learning', 'AI', 'Python']",[],[]
19,Data Analyst,Illumination Works,92500.0,Remote,Remote,"['Doctoral degree', 'Bachelor of Science', ""Master's degree"", ""Bachelor's degree"", 'Doctor of Philosophy', 'Master of Science']","['TensorFlow', 'Computer science', 'Computer Science', 'PyTorch', 'Big data', 'NumPy', 'Data analysis skills', 'Git', 'Apache Hive', 'MongoDB', 'Pandas', 'Machine learning', 'Cloud development', 'HR sourcing', 'Deep learning', 'Apache Pig', 'SciPy', 'Natural language processing', 'Python', 'Hadoop']",['Communication skills'],[]
20,Data Analyst,Intellectfaces Inc,210000.0,Reston,VA,"[""Bachelor's degree""]","['Power BI', 'Data mining', 'Computer Science', 'Full-stack development', 'TS/SCI', 'Writing skills', 'R', 'Data analysis skills', 'Microsoft Office', 'Tableau', 'Application development', 'SQL', 'Analysis skills', 'Machine learning', 'Software development', 'Predictive analytics', 'TS/SCI with Polygraph', 'Data visualization', 'AI', 'Python', 'Analytics']",['Research'],[]
21,Data Analyst,"JPMorgan Chase Bank, N.A.",171250.0,Plano,TX,"[""Bachelor's degree""]","['Spark', 'R', 'Apache Hive', 'SQL', 'Customer segmentation', 'Machine learning', 'Natural language processing', 'Python', 'Analytics', 'Hadoop']",['Leadership'],[]
22,Data Analyst,"JPMorgan Chase Bank, N.A.",218250.0,New York,NY,"['Doctoral degree', ""Master's degree"", 'Doctor of Philosophy']","['Big data', 'Spark', 'Apache Hive', 'SQL', 'Apache Pig', 'AI', 'Python', 'Analytics']",[],"['Management', 'Product management']"
23,Data Analyst,KFS-LLC,139500.0,Sterling,VA,"['Bachelor of Science', ""Bachelor's degree""]","['Microsoft Office', 'Data collection']",[],[]
24,Data Analyst,LegalMatch,60000.0,Reno,NV,"[""Bachelor's degree""]","['Data mining', 'SAS', 'Relational databases', 'Data structures', 'R', 'SQL', 'Machine learning', 'Predictive analytics', 'AI', 'Python']",[],[]
25,Data Analyst,Liberty Source,62000.0,Hampton,VA,"['High school diploma or GED', ""Bachelor's degree""]","['Analysis skills', 'Machine learning', 'AI']",[],['AWS']
26,Data Analyst,Mayo Clinic,91238.5,Rochester,MN,"[""Bachelor's degree""]","['Data mining', 'Analysis skills', 'Machine learning', 'Data management', 'Data visualization']","['Customer service', 'Communication skills', 'Time management']",[]
27,Data Analyst,Mayo Clinic,115564.5,Phoenix,AZ,"[""Master's degree"", ""Bachelor's degree""]","['Data modeling', 'Data mining', 'Analysis skills', 'Machine learning', 'Regression analysis', 'Computer skills', 'Data science', 'AI']","['Customer service', 'Research', 'Communication skills', 'Time management']",[]
28,Data Analyst,"Modern Technology Solutions, Inc.",90000.0,Beavercreek,OH,"['Bachelor of Science', ""Master's degree"", ""Bachelor's degree"", 'Master of Science']","['MATLAB', 'Data mining', 'Computer Science', 'TS/SCI', 'R', 'Data analysis skills', 'Microsoft Office', 'Simulink', 'Software development', 'Data collection', 'AI', 'Python']",[],[]
29,Data Analyst,"Modern Technology Solutions, Inc.",100000.0,Beavercreek,OH,"['High school diploma or GED', ""Bachelor's degree"", ""Associate's degree""]","['TS/SCI', 'Databases', 'Records management', 'Data management', 'Accounting', 'Contracts']",[],[]
30,Data Analyst,Ora Apps,119722.5,Jersey City,NJ,"['Doctoral degree', 'Bachelor of Science', ""Master's degree"", ""Bachelor's degree"", 'Doctor of Philosophy']","['Statistics', 'Spark', 'R', 'Apache Hive', 'Tableau', 'SQL', 'Risk management', 'ETL', 'Python', 'Hadoop']",[],['AWS']
31,Data Analyst,PG&E Corporation,164000.0,Oakland,CA,"['Doctoral degree', ""Master's degree"", ""Bachelor's degree""]","['Computer Science', 'SQL', 'Machine learning', 'Data science', 'Python']",[],"['Jira', 'AWS', 'Confluence']"
32,Data Analyst,Pacific Northwest National Laboratory,105500.0,Sequim,WA,"['Doctoral degree', 'Bachelor of Science', ""Master's degree"", ""Bachelor's degree"", 'Doctor of Philosophy']","['TensorFlow', 'Computer Science', 'PyTorch', 'Writing skills', 'OOP', 'C++', 'C', 'Machine learning', 'Software development', 'Robotics', 'Robotics', 'Python']",['Research'],[]
33,Data Analyst,PayPal,104150.0,Scottsdale,AZ,"['Doctoral degree', ""Master's degree"", ""Bachelor's degree"", 'Doctor of Philosophy']","['Data modeling', 'Statistics', 'Applied Mathematics', 'R', 'Mathematics', 'Tableau', 'SQL', 'Machine learning', 'Conversion optimization', 'Google Search Console', 'Data science', 'Google Analytics', 'Python', 'Marketing', 'Analytics']",['Communication skills'],[]
34,Data Analyst,Penfield Search Partners,144000.0,Parsippany,NJ,"['Doctoral degree', ""Master's degree"", ""Bachelor's degree"", 'Doctor of Philosophy']","['Statistics', 'NumPy', 'Pandas', 'AI', 'Python', 'Analytics']",['Communication skills'],[]
35,Data Analyst,Roche,93000.0,Indianapolis,IN,"[""Master's degree"", ""Bachelor's degree""]","['Statistics', 'Computer Science', 'SAS', 'R', 'Tableau', 'SQL', 'Analysis skills', 'Clinical trials', 'SPSS', 'Clinical trials management']",[],[]
36,Data Analyst,SRI International,113257.5,Arlington,VA,"[""Bachelor's degree""]","['Computer Science', 'R', 'Python']",[],[]
37,Data Analyst,Sabanto,151500.0,Itasca,IL,"['Doctoral degree', ""Master's degree"", 'Doctor of Philosophy']","['TensorFlow', 'PyTorch', 'Spark', 'Data analysis skills', 'Git', 'Apache Hive', 'Tableau', 'Machine learning', 'Deep learning', 'Regression analysis', 'Python']",['Communication skills'],['AWS']
38,Data Analyst,Scene Health,119000.0,Remote,Remote,"['Doctoral degree', ""Master's degree"", 'Doctor of Philosophy']","['Data structures', 'Databases', 'SQL', 'ICD-10', 'C', 'Machine learning', 'CPT coding', 'EMR systems', 'GitHub', 'GitLab', 'Python']",[],[]
39,Data Analyst,Takeda Pharmaceutical,124100.0,Boston,MA,"['Doctoral degree', 'Bachelor of Science', ""Bachelor's degree"", 'Doctor of Philosophy']","['Statistical software', 'MATLAB', 'SAS', 'R', 'Java', 'SQL', 'Analysis skills', 'C++', 'C', 'Machine learning', 'AI', 'Python']",[],"['Lean', 'AWS', 'Six Sigma']"
40,Data Analyst,TriSource,190000.0,Annapolis,MD,"['Bachelor of Science', ""Bachelor's degree""]","['MVC', 'Computer Science', 'Full-stack development', 'Visual Studio', 'Data structures', 'C#', 'Microsoft SQL Server', 'Software development', 'APIs', 'ETL', 'AI', 'Data warehouse', 'Python']",['Leadership'],"['Azure', 'AWS', 'Agile']"
41,Data Analyst,UMass Memorial Health,81500.0,Worcester,MA,"[""Master's degree""]","['Statistical software', 'Data mining', 'Statistics', 'SAS', 'R', 'Mathematics', 'Tableau', 'Java', 'SQL', 'C++', 'C', 'Machine learning', 'JavaScript', 'Regression analysis', 'Data visualization', 'SPSS', 'Python', 'Analytics']","['Presentation skills', 'Communication skills']",[]
42,Data Analyst,University of Michigan,88828.0,Ann Arbor,MI,"[""Master's degree"", ""Bachelor's degree""]","['TensorFlow', 'Computer science', 'Computer Science', 'PyTorch', 'Spark', 'C++', 'C', 'Machine learning', 'Linux', 'Python', 'Hadoop']",['Research'],[]
43,Data Analyst,Verizon,157500.0,Irving,TX,"[""Bachelor's degree""]","['Computer science', 'Cloud infrastructure', 'Oracle', 'Data mining', 'Cloud architecture', 'Statistics', 'Data lake', 'Kubernetes', 'RESTful API', 'Spark', 'Mathematics', 'Tableau', 'SQL', 'OpenStack', 'REST', 'Regression analysis', 'S3', 'Linux', 'AI', 'GitLab', 'Data warehouse', 'Python']",[],['CI/CD']
44,Data Analyst,VirginPulse,105000.0,Remote,Remote,"[""Master's degree"", ""Bachelor's degree""]","['Microsoft Powerpoint', 'Microsoft Word', 'Statistics', 'Statistics', 'Computer Science', 'SAS', 'R', 'Tableau', 'SQL', 'Analysis skills', 'Machine learning', 'Quantitative analysis', 'AI', 'Python']","['Research', 'Organizational skills', 'Communication skills']","['Product management', 'Smartsheet']"
45,Data Architect,Analog Devices,104000.0,Boston,MA,"[""Master's degree""]","['TensorFlow', 'Cloud infrastructure', 'PyTorch', 'Machine learning', 'AI']",[],[]
46,Data Architect,Basis,103000.0,Remote,Remote,"['Doctoral degree', 'Doctor of Philosophy']","['Machine learning', 'AI']",[],[]
47,Data Architect,Cash App,138000.0,San Francisco,CA,[],"['Statistics', 'NumPy', 'Data analysis skills', 'Mathematics', 'Tableau', 'SQL', 'Pandas', 'Machine learning', 'Natural language processing', 'Scripting', 'Python', 'MySQL']",[],"['Google Cloud Platform', 'AWS']"
48,Data Architect,Catalytic Data Science,130000.0,Boston,MA,"['Doctoral degree', ""Master's degree"", 'Doctor of Philosophy']","['TensorFlow', 'PyTorch', 'Writing skills', 'R', 'Machine learning', 'Python']",['Communication skills'],['Jira']
49,Data Architect,Engtal,210000.0,Redwood City,CA,[],"['TensorFlow', 'PyTorch', 'Data structures', 'Machine learning', 'Natural language processing']",[],[]
50,Data Architect,Eventbrite,161000.0,Remote,Remote,[],"['Data mining', 'SQL', 'Julia', 'Machine learning', 'Python']",[],[]
51,Data Architect,FrankCrum Staffing,45000.0,Clearwater,NE,[],"['SQL', 'Content creation', 'Machine learning', 'Python']",['Communication skills'],[]
52,Data Architect,General Re,160000.0,Remote,Remote,[],"['Pricing', 'Power BI', 'Oracle', 'Relational databases', 'Writing skills', 'DevOps', 'R', 'Databases', 'Machine learning', 'Predictive analytics', 'Data science', 'AI', 'Python', 'Debugging', 'Analytics', 'SDLC', 'Pricing', 'Power BI', 'Oracle', 'Relational databases', 'Writing skills', 'DevOps', 'R', 'Databases', 'Machine learning', 'Predictive analytics', 'Data science', 'AI', 'Python', 'Debugging', 'Analytics', 'SDLC']","['Communication skills', 'Communication skills']","['CI/CD', 'Azure', 'Agile', 'CI/CD', 'Azure', 'Agile']"
53,Data Architect,Guidehouse,94500.0,Atlanta,GA,"['Bachelor of Science', ""Master's degree"", ""Bachelor's degree"", 'Master of Science', 'Master of Arts', 'Bachelor of Arts']","['Power BI', 'SAS', 'R', 'Tableau', 'SQL', 'Machine learning', 'Predictive analytics', 'Quantitative analysis', 'AI', 'Python', 'Analytics']",[],[]
54,Data Architect,IBM,226500.0,Mountain View,CA,[],"['Signal processing', 'Machine learning', 'Natural language processing', 'Software development', 'AI', 'Python']",['Research'],[]
55,Data Architect,"JPMorgan Chase Bank, N.A.",156625.0,Seattle,WA,"[""Master's degree""]","['TensorFlow', 'Data mining', 'PyTorch', 'Data structures', 'Spark', 'NumPy', 'Data analysis skills', 'Java', 'Pandas', 'Machine learning', 'SciPy', 'APIs', 'Predictive analytics', 'AI', 'Python', 'Debugging', 'Hadoop']",[],[]
56,Data Architect,MPN Diversity Recruiters,125000.0,Atlanta,GA,"[""Master's degree"", ""Bachelor's degree""]","['Power BI', 'Oracle', 'Cloud architecture', 'Computer Science', 'React', 'Kubernetes', 'DevOps', 'Spark', 'Apache Hive', 'Docker', 'HR sourcing', 'APIs', 'SSIS', 'AI', 'Python', 'PowerShell', 'Analytics']",[],"['Jira', 'CI/CD', 'Azure', 'Agile']"
57,Data Architect,Procter & Gamble,95000.0,Cincinnati,OH,"[""Master's degree"", ""Bachelor's degree""]","['R', 'Git', 'Machine learning', 'Scala', 'Data science', 'Python']",['Leadership'],[]
58,Data Architect,Production Modeling Corporation,127500.0,Troy,MI,"[""Bachelor's degree""]","['TensorFlow', 'Computer Science', 'Kubernetes', 'PyTorch', 'UNIX', 'Git', 'Tableau', 'Java', 'SQL', 'Pandas', 'Docker', 'Machine learning', 'JavaScript', 'Natural language processing', 'GitHub', 'APIs', 'AI', 'GitLab', 'Python', 'Hadoop']",[],"['Jira', 'AWS', 'Confluence']"
59,Data Architect,The Hire Method LLC,218500.0,Remote,Remote,"['Doctoral degree', ""Master's degree"", ""Bachelor's degree"", 'Doctor of Philosophy', 'Master of Science', ""Master's degree"", ""Bachelor's degree""]","['TensorFlow', 'Computer science', 'MATLAB', 'Computer Science', 'Applied Mathematics', 'PyTorch', 'TS/SCI', 'Analysis skills', 'C++', 'Julia', 'C', 'Machine learning', 'Deep learning', 'TS/SCI with Polygraph', 'Cybersecurity', 'AI', 'Python', 'TensorFlow', 'Computer science', 'MATLAB', 'Computer Science', 'Applied Mathematics', 'PyTorch', 'TS/SCI', 'Analysis skills', 'C++', 'Julia', 'C', 'Machine learning', 'Deep learning', 'TS/SCI with Polygraph', 'Cybersecurity', 'AI', 'Python']","['Communication skills', 'Communication skills']",[]
60,Data Architect,"The Travelers Companies, Inc.",135900.0,Hartford,CT,"[""Bachelor's degree""]","['Analysis skills', 'Machine learning', 'AI', 'Python', 'Debugging']","['Leadership', 'Communication skills']",['AWS']
61,Data Architect,Tutor Intelligence,102000.0,Boston,MA,[],"['PyTorch', 'Full-stack development', 'Computer vision', 'Machine learning', 'AI', 'Robotics', 'Python']",[],[]
62,Data Architect,University of Michigan,104500.0,Ann Arbor,MI,"[""Bachelor's degree""]","['Data mining', 'Computer Science', 'Big data', 'Spark', 'NoSQL', 'Apache Hive', 'SQL', 'Machine learning', 'Software development', 'Unit testing', 'AI', 'Python', 'Hadoop']",[],"['Azure', 'AWS']"
63,Data Architect,VISIMO,110941.5,Carnegie,PA,"['Doctoral degree', ""Master's degree"", ""Bachelor's degree""]","['TensorFlow', 'Data modeling', 'PyTorch', 'Big data', 'Writing skills', 'NumPy', 'Pandas', 'Machine learning', 'Natural language processing', 'Regression analysis', 'Predictive analytics', 'AI', 'Python', 'Analytics']",['Research'],[]
64,Data Architect,Visions in View Inc,125691.0,South San Francisco,CA,[],"['Cloud infrastructure', 'Machine learning', 'AI', 'Python']",[],"['CI/CD', 'AWS']"
65,Data Scientist,Amaze Systems Inc,129000.0,Trout Lake,WA,"['Doctoral degree', ""Master's degree"", 'Doctor of Philosophy']","['SQL', 'Math', 'Machine learning', 'Natural language processing', 'Scripting', 'Regression analysis', 'Python']",[],[]
66,Data Scientist,Aspen Technology,106000.0,Bedford,MA,"['Doctoral degree', ""Master's degree"", 'Doctor of Philosophy']","['Data mining', 'Writing skills', 'Machine learning', 'Deep learning', 'Natural language processing', 'Software development', 'Regression analysis', 'Predictive analytics', 'AI', 'Python', 'Chemical engineering']",['Communication skills'],[]
67,Data Scientist,Asset Marketing Services,105500.0,Eagan,MN,[],"['Power BI', 'Data mining', 'Statistics', 'Data structures', 'R', 'NoSQL', 'Tableau', 'SQL', 'Machine learning', 'Data management', 'Deep learning', 'Natural language processing', 'ETL', 'Predictive analytics', 'Data collection', 'SSIS', 'Python']",['Communication skills'],['Azure']
68,Data Scientist,"Asset Marketing Services, LLC",130941.0,Eagan,MN,"[""Bachelor's degree""]","['Power BI', 'Data mining', 'Statistics', 'Data structures', 'R', 'NoSQL', 'Tableau', 'SQL', 'Machine learning', 'Data management', 'Deep learning', 'Natural language processing', 'ETL', 'Predictive analytics', 'Data collection', 'SSIS', 'Python']",['Communication skills'],['Azure']
69,Data Scientist,Battelle,106500.0,Columbus,OH,"['Doctoral degree', ""Master's degree"", ""Bachelor's degree"", 'Doctor of Philosophy']","['Computer science', 'Computer Science', 'Calculus', 'C#', 'Data analysis skills', 'Java', 'OOP', 'C++', 'Machine learning', 'Natural language processing', 'Computer Programming', 'AI']",[],[]
70,Data Scientist,Biological Dynamics,180000.0,San Diego,CA,"['Doctoral degree', ""Master's degree"", ""Bachelor's degree"", 'Doctor of Philosophy']","['R', 'SQL', 'Machine learning', 'AI', 'Python']",['Communication skills'],"['Azure', 'Management', 'Google Cloud Platform', 'AWS', 'Product management']"
71,Data Scientist,Biz2Credit Inc,120000.0,New York,NY,"[""Master's degree""]","['Statistics', 'Mathematics', 'Natural language processing']",[],[]
72,Data Scientist,Burger King,62500.0,South Ogden,UT,"[""Bachelor's degree""]","['Microsoft Powerpoint', 'Microsoft Word', 'Power BI', 'Microsoft Excel', 'Microsoft Outlook', 'Microsoft Office', 'SQL', 'Business Information Systems', 'Restaurant experience']",[],[]
73,Data Scientist,Burlington Stores,110000.0,Edgewater Park,NJ,"[""Master's degree"", ""Bachelor's degree""]","['Power BI', 'Data mining', 'Data structures', 'R', 'Data analysis skills', 'Tableau', 'SQL', 'ETL', 'Predictive analytics', 'Data warehouse', 'Python']",['Communication skills'],[]
74,Data Scientist,CEDENT,117500.0,Atlanta,GA,"['Doctoral degree', ""Master's degree"", ""Bachelor's degree"", 'Doctor of Philosophy']","['Power BI', 'D3.js', 'SAS', 'Spark', 'R', 'QlikView', 'Tableau', 'SQL', 'Machine learning', 'JavaScript', 'SPSS', 'Python', 'Analytics', 'Hadoop']",[],['AWS']
75,Data Scientist,COOP by Ryder,87500.0,Remote,Remote,"[""Master's degree"", ""Bachelor's degree"", 'Master of Business Administration']","['Power BI', 'R', 'Google Tag Manager', 'Tableau', 'SQL', 'Analysis skills', 'Google Analytics', 'Python', 'Analytics']",['Leadership'],['Google Cloud Platform']
76,Data Scientist,CarePoint Health,105000.0,Denver,CO,"[""Master's degree"", ""Bachelor's degree""]","['Power BI', 'Data modeling', 'Business intelligence', 'Computer Science', 'Tableau', 'SQL', 'Database management', 'PostgreSQL', 'ETL', 'Predictive analytics', 'Python', 'PowerShell', 'Analytics']",['Communication skills'],"['Azure', 'Google Cloud Platform', 'AWS']"
77,Data Scientist,Caterpillar,90000.0,Peoria,IL,"[""Master's degree"", ""Bachelor's degree""]","['Pricing', 'Power BI', 'Economics', 'Business intelligence', 'Statistics', 'R', 'Git', 'SQL', 'JavaScript', 'Python', 'Analytics']",[],[]
78,Data Scientist,Chewy,115500.0,Hollywood,FL,"['Doctoral degree', ""Master's degree"", 'Doctor of Philosophy']","['SAS', 'R', 'Data analysis skills', 'E-commerce', 'SQL', 'Machine learning', 'Scala', 'Deep learning', 'Data collection', 'Redshift', 'Python']",['Communication skills'],['AWS']
79,Data Scientist,Chewy,128500.0,Boston,MA,"['Doctoral degree', ""Master's degree"", 'Doctor of Philosophy']","['E-commerce', 'Machine learning', 'Forecasting', 'Regression analysis', 'AI']","['Leadership', 'Communication skills']",['AWS']
80,Data Scientist,Christus Health,112500.0,Irving,TX,"[""Master's degree"", ""Master's degree""]","['Data mining', 'SAS', 'Machine learning', 'Debugging', 'Analytics', 'Data mining', 'SAS', 'Machine learning', 'Debugging', 'Analytics']",[],[]
81,Data Scientist,ClearChoice Dental Implant Centers,90000.0,Greenwood Village,CO,"['Bachelor of Science', ""Master's degree"", ""Bachelor's degree""]","['Statistics', 'Power BI', 'Data lake', 'DevOps', 'R', 'Tableau', 'SQL', 'Database management', 'Machine learning', 'Scala', 'Data science', 'Data visualization', 'Python', 'Analytics']","['Organizational skills', 'Communication skills']","['Jira', 'Azure']"
82,Data Scientist,Creative Financial Staffing,85000.0,Edgerton,OH,"['Bachelor of Science', ""Bachelor's degree""]","['Microsoft Excel', 'Microsoft Access', 'Data analysis skills', 'SQL', 'Accounting']",[],[]
83,Data Scientist,CyberCoders,100000.0,Boston,MA,"[""Bachelor's degree""]","['Statistical software', 'Power BI', 'Economics', 'Data mining', 'Statistics', 'SAS', 'R', 'Data analysis skills', 'Tableau', 'SQL', 'Machine learning', 'Regression analysis', 'Data visualization', 'SPSS', 'Python']",[],[]
84,Data Scientist,CyberCoders,137500.0,New York,NY,"[""Bachelor's degree""]","['Statistics', 'Writing skills', 'Python']",[],[]
85,Data Scientist,Data Society,115000.0,Remote,Remote,[],"['Data mining', 'Statistics', 'Applied Mathematics', 'R', 'Databases', 'SQL', 'Machine learning', 'Predictive analytics', 'Data visualization', 'AI', 'Python', 'Analytics']",['Communication skills'],[]
86,Data Scientist,Deloitte,94500.0,Bristol,TN,"[""Master's degree"", ""Bachelor's degree""]","['Microsoft Powerpoint', 'Microsoft Excel', 'Data mining', 'Statistics', 'Applied Mathematics', 'R', 'Tableau', 'SQL', 'Predictive analytics', 'Data visualization', 'Python']",['Communication skills'],[]
87,Data Scientist,Experian,147500.0,Costa Mesa,CA,"[""Master's degree""]","['TensorFlow', 'PyTorch', 'Spark', 'SQL', 'Machine learning', 'Python', 'Analytics']",[],[]
88,Data Scientist,Federated Hermes,87500.0,Pittsburgh,PA,"[""Master's degree"", ""Bachelor's degree""]","['Power BI', 'Data mining', 'Spark', 'Tableau', 'Analysis skills', 'Machine learning', 'Natural language processing', 'APIs', 'Regression analysis', 'Data visualization', 'Python', 'Analytics']",['Communication skills'],['Azure']
89,Data Scientist,Florida Atlantic University,95000.0,Boca Raton,FL,"[""Master's degree""]","['TensorFlow', 'Computer Science', 'EHR systems', 'PyTorch', 'NumPy', 'R', 'Git', 'Databases', 'Pandas', 'DICOM', 'Machine learning', 'GitHub', 'Regression analysis', 'Data visualization', 'Python']",['Communication skills'],[]
90,Data Scientist,Flow,150000.0,New York,NY,[],"['Statistics', 'R', 'Tableau', 'SQL', 'Analysis skills', 'Data visualization', 'Python']",[],[]
91,Data Scientist,Fresenius Kabi,90000.0,Lake Zurich,IL,"[""Bachelor's degree"", ""Bachelor's degree""]","['Data structures', 'Microsoft Office', 'Databases', 'SQL', 'Analytics', 'Data structures', 'Microsoft Office', 'Databases', 'SQL', 'Analytics']",[],[]
92,Data Scientist,GTA (Global Technology Associates),107000.0,Reston,VA,"[""Bachelor's degree""]","['Data modeling', 'Data mining', 'Business intelligence', 'Computer Science', 'Relational databases', 'R', 'Database management', 'S3', 'Data warehouse', 'Python']",[],['AWS']
93,Data Scientist,General Dynamics,103500.0,Atlanta,GA,"['Bachelor of Science', ""Master's degree"", ""Bachelor's degree""]","['Microsoft Powerpoint', 'Power BI', 'Microsoft Excel', 'Statistics', 'SAS', 'Writing skills', 'R', 'Data analysis skills', 'Tableau', 'Stata', 'SQL', 'Analysis skills', 'Machine learning', 'Data management', 'Scripting', 'Data collection', 'Data visualization', 'Python']",['Communication skills'],[]
94,Data Scientist,General Dynamics Information Technology,85000.0,Remote,Remote,"[""Bachelor's degree""]","['Power BI', 'Economics', 'SAS', 'Mathematics', 'SQL', 'Data management']",['Communication skills'],[]
95,Data Scientist,Guidehouse,111000.0,Atlanta,GA,"['Bachelor of Science', ""Master's degree"", ""Bachelor's degree"", 'Master of Science', 'Master of Arts', 'Bachelor of Arts']","['Power BI', 'Microsoft Excel', 'Kubernetes', 'SAS', 'R', 'Git', 'SQL', 'Docker', 'Machine learning', 'Predictive analytics', 'Quantitative analysis', 'AI', 'Python', 'Analytics']",[],"['Azure', 'Waterfall', 'Google Cloud Platform', 'AWS', 'Product management', 'Agile']"
96,Data Scientist,HCSC,119000.0,Richardson,TX,"['Doctoral degree', ""Master's degree"", ""Bachelor's degree"", 'Doctor of Philosophy']","['Computer science', 'Machine learning', 'Data collection']",['Communication skills'],[]
97,Data Scientist,Halliburton,48000.0,Houston,TX,"[""Bachelor's degree""]",['Machine learning'],[],[]
98,Data Scientist,Healthcare Association of New York State,82500.0,Rensselaer,NY,[],"['SQL', 'Power Pivot']",[],[]
99,Data Scientist,Heirloom,152500.0,Brisbane,CA,[],"['Data mining', 'Go', 'Data analysis skills', 'SQL', 'C++', 'Database management', 'C', 'ETL', 'Data warehouse', 'Python']",['Communication skills'],[]
100,Data Scientist,Hendall Inc,116000.0,Rockville,MD,"['Doctoral degree', ""Master's degree"", 'Doctor of Philosophy']","['Data mining', 'SAS', 'R', 'Machine learning', 'Data management', 'Natural language processing', 'Data collection', 'AI', 'Python']",[],[]
101,Data Scientist,Home Partners of America Inc,98000.0,Chicago,IL,"[""Master's degree"", ""Bachelor's degree""]","['Microsoft Excel', 'Computer Science', 'NumPy', 'SQL', 'Pandas', 'Analysis skills', 'Machine learning', 'Scripting', 'Regression analysis', 'Python', 'Analytics']",['Communication skills'],['Management']
102,Data Scientist,IXIS Digital,125500.0,Burlington,VT,"['Bachelor of Science', ""Bachelor's degree"", 'Bachelor of Arts']","['Computer science', 'Computer Science', 'DevOps', 'R', 'Data analysis skills', 'SQL', 'Docker', 'Machine learning', 'Natural language processing', 'Regression analysis', 'Predictive analytics', 'GitLab', 'Python', 'Analytics']",['Communication skills'],['AWS']
103,Data Scientist,Ignite Digital Services,92500.0,Arlington,VA,"[""Bachelor's degree""]","['Power BI', 'Computer Science', 'Data lake', 'R', 'Git', 'Tableau', 'Java', 'OOP', 'Analysis skills', 'C++', 'Math', 'Docker', 'Machine learning', 'Data science', 'Data visualization', 'Python']",[],"['CI/CD', 'Azure', 'AWS', 'Agile']"
104,Data Scientist,Karna,119000.0,Remote,Remote,"['Doctoral degree', 'Bachelor of Science', ""Master's degree"", ""Bachelor's degree"", 'Doctor of Philosophy']","['Microsoft Word', 'R', 'Microsoft Office', 'Machine learning', 'Natural language processing', 'Regression analysis', 'Data visualization', 'AI', 'Python', 'SDLC']",['Research'],[]
105,Data Scientist,Labcorp,117500.0,Wilmington,NC,"[""Bachelor's degree""]","['XML', 'SAS', 'CDISC standards']",[],[]
106,Data Scientist,Leidos,120000.0,Stennis Space Center,MS,"[""Bachelor's degree"", ""Bachelor's degree""]","['Analysis skills', 'Regression analysis', 'Linux', 'Python', 'Analysis skills', 'Regression analysis', 'Linux', 'Python']",[],[]
107,Data Scientist,Merck,119000.0,St. Louis,MO,"[""Master's degree"", ""Bachelor's degree""]","['Statistical software', 'Computer science', 'Data mining', 'R', 'Analysis skills', 'Machine learning', 'Deep learning', 'Natural language processing', 'Django', 'ETL', 'Regression analysis', 'Flask', 'AI', 'Python']",[],['Google Cloud Platform']
108,Data Scientist,Microsoft,138450.0,Redmond,WA,"['Doctoral degree', ""Master's degree"", ""Bachelor's degree"", 'Doctor of Philosophy']","['Computer science', 'Machine learning', 'Natural language processing', 'Data collection', 'AI']",[],[]
109,Data Scientist,Microsoft,165200.0,Redmond,WA,"['Doctoral degree', ""Master's degree"", ""Bachelor's degree""]","['TensorFlow', 'Statistics', 'PyTorch', 'Computer vision', 'Machine learning', 'Deep learning', 'Predictive analytics', 'Data collection']",['Research'],[]
110,Data Scientist,Nyla Technology Solutions,160000.0,Reston,VA,[],"['Machine learning', 'Data science']",[],[]
111,Data Scientist,Peterson Technology Partners,150000.0,Chicago,IL,"[""Bachelor's degree""]","['Computer Science', 'DevOps', 'Data management', 'Python', 'Analytics']",[],['Management Information Systems']
112,Data Scientist,Phasorsoft LLC,110425.0,Dallas,TX,"[""Bachelor's degree""]","['TensorFlow', 'Data mining', 'MapReduce', 'Spark', 'Apache Hive', 'Pandas', 'Machine learning', 'Natural language processing', 'Data visualization', 'AI', 'Python', 'Analytics', 'Hadoop']",[],[]
113,Data Scientist,Pison Technology,140000.0,Boston,MA,"['Doctoral degree', 'Bachelor of Science', ""Master's degree"", ""Bachelor's degree"", 'Doctor of Philosophy']","['TensorFlow', 'Data mining', 'Computer Science', 'Signal processing', 'PyTorch', 'Analysis skills', 'C++', 'Machine learning', 'Deep learning', 'Cloud computing', 'Data collection', 'AI', 'Python']",[],[]
114,Data Scientist,Public Storage,160000.0,Glendale,CA,"['Doctoral degree', ""Master's degree"", ""Bachelor's degree"", 'Doctor of Philosophy']","['C#', 'R', 'SQL', 'C++', 'Deep learning', 'Scripting', 'GitHub', 'Regression analysis', 'AI', 'Python']",['Communication skills'],['Confluence']
115,Data Scientist,Romph & Pou Agency,101000.0,Shreveport,LA,"['Doctoral degree', ""Master's degree"", 'Doctor of Philosophy']","['Google AdWords', 'Data mining', 'Statistics', 'D3.js', 'Spark', 'R', 'Data analysis skills', 'Apache Hive', 'Java', 'Databases', 'SQL', 'Analysis skills', 'C', 'Machine learning', 'JavaScript', 'Regression analysis', 'S3', 'Data science', 'Redshift', 'Google Analytics', 'Python', 'MySQL', 'Hadoop']","['Presentation skills', 'Communication skills']",[]
116,Data Scientist,Savan Group,119000.0,Remote,Remote,"[""Master's degree""]","['Power BI', 'Microsoft Excel', 'React', 'R', 'Alteryx', 'Tableau', 'Machine learning', 'JavaScript', 'Natural language processing', 'Django', 'ETL', 'Python']",['Presentation skills'],[]
117,Data Scientist,Schneider Electric,110500.0,Franklin,TN,"[""Bachelor's degree""]","['TensorFlow', 'Computer Science', 'PyTorch', 'SAS', 'R', 'Git', 'Julia', 'Docker', 'Machine learning', 'Natural language processing', 'AI', 'Python']",['Communication skills'],['AWS']
118,Data Scientist,"Signature Science, LLC",90000.0,Austin,TX,"['Doctoral degree', ""Master's degree"", ""Bachelor's degree"", 'Doctor of Philosophy']","['Microsoft Powerpoint', 'Microsoft Word', 'Statistics', 'MATLAB', 'Microsoft Excel', 'Data mining', 'Signal processing', 'Relational databases', 'R', 'Data analysis skills', 'UNIX', 'Git', 'Java', 'Analysis skills', 'Machine learning', 'Natural language processing', 'Scripting', 'Software development', 'Predictive analytics', 'Linux', 'AI', 'Python', 'Marketing', 'MySQL']","['Research', 'Communication skills']","['Azure', 'Google Cloud Platform', 'AWS', 'Agile']"
119,Data Scientist,Summit Consulting,160000.0,Washington,DC,[],"['Economics', 'Statistics', 'R', 'Machine learning', 'AI', 'Python']",[],[]
120,Data Scientist,Surya Systems,143000.0,Exton,PA,"[""Master's degree""]","['Data mining', 'R', 'Tableau', 'SQL', 'Quantitative analysis', 'Python', 'Shell Scripting']",[],[]
121,Data Scientist,"TeamWorx Security, LLC",135000.0,Columbia,MD,"['Doctoral degree', ""Master's degree"", 'Doctor of Philosophy']","['TensorFlow', 'Computer science', 'Computer Science', 'PyTorch', 'Data structures', 'R', 'Java', 'Machine learning', 'Scala', 'Natural language processing', 'JSON', 'AI', 'Python']",[],[]
122,Data Scientist,The Hire Method LLC,181500.0,Remote,Remote,"[""Bachelor's degree""]","['TensorFlow', 'Computer Science', 'PyTorch', 'TS/SCI', 'NumPy', 'Machine learning', 'SciPy', 'Natural language processing', 'AI', 'Python']",['Communication skills'],[]
123,Data Scientist,The Jed Foundation,107500.0,New York,NY,"[""Master's degree""]",['Writing skills'],"['Organizational skills', 'Communication skills']",[]
124,Data Scientist,"The Travelers Companies, Inc.",150950.0,Hartford,CT,"[""Bachelor's degree""]","['Analysis skills', 'Machine learning', 'AI']",['Communication skills'],[]
125,Data Scientist,TimelyMD,120000.0,Dallas-Fort Worth,TX,"[""Bachelor's degree""]","['Statistics', 'R', 'SQL', 'PostgreSQL', 'Scala', 'Forecasting', 'Natural language processing', 'Python', 'MySQL']",[],['AWS']
126,Data Scientist,Transnetyx,129000.0,Remote,Remote,"['Doctoral degree', ""Master's degree"", 'Doctor of Philosophy']","['Statistics', 'Data mining', 'Applied Mathematics', 'SAS', 'Data structures', 'R', 'SSRS', 'SQL', 'Analysis skills', 'Machine learning', 'Data visualization', 'Data warehouse', 'Python']",['Communication skills'],['Azure']
127,Data Scientist,US Administrative Office of the U.S. Courts,133165.0,Wallops Island,VA,"['Doctoral degree', ""Master's degree"", ""Bachelor's degree"", 'Doctor of Philosophy', 'Master of Science']","['Statistics', 'Mathematics', 'Machine learning']",[],[]
128,Data Scientist,US Office of Federal Contract Compliance Programs,128464.0,Wallops Island,VA,"['Doctoral degree', 'Bachelor of Science', ""Bachelor's degree"", 'Doctor of Philosophy']","['Data mining', 'Analysis skills', 'Machine learning', 'Natural language processing']",[],[]
129,Data Scientist,US Office of Workers' Compensation Programs,149946.5,Wallops Island,VA,"['Doctoral degree', 'Bachelor of Science', ""Bachelor's degree"", 'Doctor of Philosophy']","['Computer science', 'SAS', 'Spark', 'R', 'SQL', 'Python']",[],[]
130,Data Scientist,UnitedHealth Group,103500.0,San Antonio,TX,"[""Master's degree"", ""Bachelor's degree""]","['TensorFlow', 'Statistical software', 'Statistics', 'Computer Science', 'PyTorch', 'Big data', 'R', 'SQL', 'Machine learning', 'Python', 'Hadoop']",[],['Azure']
131,Data Scientist,"UpHealth, Inc.",176500.0,Remote,Remote,[],"['Statistics', 'Data analysis skills', 'Machine learning', 'Natural language processing']",[],"['Azure', 'Google Cloud Platform', 'AWS']"
132,Data Scientist,Utah State University,71500.0,Logan,UT,"['Doctoral degree', ""Master's degree""]","['Computer Science', 'R', 'Databases', 'Analysis skills', 'Machine learning', 'Scala', 'Cleaning', 'Quantitative analysis', 'Python', 'Analytics']",['Communication skills'],[]
133,Data Scientist,Vetro Tech Inc,92500.0,Dallas,TX,"['Bachelor of Science', ""Bachelor's degree""]","['Data mining', 'R', 'Tableau', 'Java', 'SQL', 'C++', 'Math', 'Scala', 'Algebra', 'Python', 'Hadoop']",['Communication skills'],[]
134,Data Scientist,WEX Inc.,143500.0,Remote,Remote,"['Doctoral degree', ""Master's degree"", ""Bachelor's degree"", 'Doctor of Philosophy']","['Statistical software', 'R', 'SQL', 'Cleaning', 'Regression analysis', 'Python', 'Analytics']","['Customer service', 'Communication skills']",[]
135,Data Scientist,"Willowview Consulting, LLC",88000.0,Eagle,ID,"[""Bachelor's degree""]","['Computer vision', 'R', 'Java', 'SQL', 'Analysis skills', 'C++', 'Math', 'Machine learning', 'Scala', 'Deep learning', 'Algebra', 'Python']",['Communication skills'],[]
136,Data Scientist,Wimmer Solutions,118000.0,Dallas,TX,"[""Bachelor's degree""]","['Computer Science', 'Tableau', 'SQL', 'Machine learning', 'Forecasting', 'ETL', 'Regression analysis', 'Data science', 'Python', 'Marketing']",[],[]
137,Data Scientist,f5,152605.0,Seattle,WA,"[""Master's degree""]","['RSU', 'Computer Science', 'Spark', 'SQL', 'Machine learning', 'Quantitative analysis', 'Python']",[],[]
