   ITEC 2110 Digital Media  ,   ITEC 2110 Digital Media - Soft skills  ,   ITEC 2130 Web Technologies  ,   ITEC 2130 Web Technologies - Soft skills  ,   ITEC 3100 Intro to Networks  ,   ITEC 3100 Intro to Networks - Soft skills  ,   ITEC 3150 Advanced Programming  ,   ITEC 3150 Advanced Programming - Soft skills  ,   ITEC 3200 Intro to Databases  ,   ITEC 3200 Intro to Databases - Soft skills  ,   ITEC 3700 Systems Analysis and Design  ,   ITEC 3700 Systems Analysis and Design - Soft skills  ,   ITEC 3860 Software Development 1  ,   ITEC 3860 Software Development 1 - Soft skills  ,   ITEC 3870 Software Development 2  ,   ITEC 3870 Software Development 2 - Soft skills  ,   ITEC 3900 Professional Practice and Ethics  ,   ITEC 3900 Professional Practice and Ethics - Soft skills  ,   ITEC 4200 Advanced Databases  ,   ITEC 4200 Advanced Databases - Soft skills  ,   ITEC 4260 Software Testing QA  ,   ITEC 4260 Software Testing QA - Soft skills  ,   ITEC 4450 Web Development  ,   ITEC 4450 Web Development - Soft skills  ,   ITEC 4550 - Mobile Application Development  ,   ITEC 4550 - Mobile Application Development - Soft skills  ,   ITEC 4860 Projects  ,   ITEC 4860 Projects - Soft skills  ,Please type in the IT skills or tools you have heard about and believe we should include in ITEC courses.  There are no wrong answers.,Please input skills you learned in the following courses.    ITEC 3100 Intro to Networks  ,Please input skills you learned in the following courses.    ITEC 3100 Intro to Networks - Soft skills  ,Please input skills you learned in the following courses.    ITEC 3150 Advanced Programming  ,Please input skills you learned in the following courses.    ITEC 3150 Advanced Programming - Soft skills  ,Please input skills you learned in the following courses.    ITEC 3200 Intro to Databases  ,Please input skills you learned in the following courses.    ITEC 3200 Intro to Databases - Soft skills  ,Please input skills you learned in the following courses.    ITEC 3700 Systems Analysis and Design  ,Please input skills you learned in the following courses.    ITEC 3700 Systems Analysis and Design - Soft skills  ,Please input skills you learned in the following courses.    ITEC 3860 Software Development 1  ,Please input skills you learned in the following courses.    ITEC 3860 Software Development 1 - Soft skills  ,Please input skills you learned in the following courses.    ITEC 3870 Software Development 2  ,Please input skills you learned in the following courses.    ITEC 3870 Software Development 2 - Soft skills  ,Please input skills you learned in the following courses.    ITEC 3900 Professional Practice and Ethics  ,Please input skills you learned in the following courses.    ITEC 3900 Professional Practice and Ethics - Soft skills  ,Please input skills you learned in the following courses.    ITEC 4000 Cloud Computing Technologies  ,Please input skills you learned in the following courses.    ITEC 4000 Cloud Computing Technologies - Soft skills  ,Please input skills you learned in the following courses.    ITEC 4150 Enterprise Process Integration  ,Please input skills you learned in the following courses.    ITEC 4150 Enterprise Process Integration - Soft skills  ,Please input skills you learned in the following courses.    ITEC 4200 Advanced Databases  ,Please input skills you learned in the following courses.    ITEC 4200 Advanced Databases - Soft skills  ,Please input skills you learned in the following courses.    ITEC 4210 Information Analytics  ,Please input skills you learned in the following courses.    ITEC 4210 Information Analytics - Soft skills  ,Please input skills you learned in the following courses.    ITEC 4220 Advanced Data Analytics  ,Please input skills you learned in the following courses.    ITEC 4220 Advanced Data Analytics - Soft skills  ,Please input skills you learned in the following courses.    ITEC 4230 Capstone Projects  ,Please input skills you learned in the following courses.    ITEC 4230 Capstone Projects - Soft skills  ,Please input skills you learned in the following courses.    ITEC 4400 Python Programming  ,Please input skills you learned in the following courses.    ITEC 4400 Python Programming - Soft skills  ,Please input skills you learned in the following courses.    ITEC 4700 Artificial Intelligence  ,Please input skills you learned in the following courses.    ITEC 4700 Artificial Intelligence - Soft skills  ,Please input skills you learned in the following courses.    ITEC 4750 Enterprise Architecture Design  ,Please input skills you learned in the following courses.    ITEC 4750 Enterprise Architecture Design - Soft skills  ,Please input skills you learned in the following courses.    MATH 2000 Statistics  ,Please input skills you learned in the following courses.    MATH 2000 Statistics - Soft skills  ,Please input skills you learned in the following courses.    MATH 2450 Linear Algebra  ,Please input skills you learned in the following courses.    MATH 2450 Linear Algebra - Soft skills  ,Please leave us your comments.,Please input skills you learned in the following courses.    ITEC 2130 Web Technologies  ,Please input skills you learned in the following courses.    ITEC 2130 Web Technologies - Soft skills  ,Please input skills you learned in the following courses.    ITEC 2150 Itermmediate Programming  ,Please input skills you learned in the following courses.    ITEC 2150 Itermmediate Programming - Soft skills  ,Please input skills you learned in the following courses.    ITEC 3100 Intro to Networks  ,Please input skills you learned in the following courses.    ITEC 3100 Intro to Networks - Soft skills  ,Please input skills you learned in the following courses.    ITEC 3110 Design Concepts and Techniques for Digital Media  ,Please input skills you learned in the following courses.    ITEC 3110 Design Concepts and Techniques for Digital Media - Soft skills  ,Please input skills you learned in the following courses.    ITEC 3200 Intro to Databases  ,Please input skills you learned in the following courses.    ITEC 3200 Intro to Databases - Soft skills  ,Please input skills you learned in the following courses.    ITEC 3450 Computer Graphics and Multimedia  ,Please input skills you learned in the following courses.    ITEC 3450 Computer Graphics and Multimedia - Soft skills  ,Please input skills you learned in the following courses.    ITEC 3550 - User Centered Design  ,Please input skills you learned in the following courses.    ITEC 3550 - User Centered Design - Soft skills  ,Please input skills you learned in the following courses.    ITEC 3900 - Professional Practice and Ethics  ,Please input skills you learned in the following courses.    ITEC 3900 - Professional Practice and Ethics - Soft skills  ,Please input skills you learned in the following courses.    ITEC 4110 Capstone Projects  ,Please input skills you learned in the following courses.    ITEC 4110 Capstone Projects - Soft skills  ,Please input skills you learned in the following courses.    ITEC 4130 - Human Computer Interaction  ,Please input skills you learned in the following courses.    ITEC 4130 - Human Computer Interaction - Soft skills  ,Please input skills you learned in the following courses.    ITEC 4450 - Web Development  ,Please input skills you learned in the following courses.    ITEC 4450 - Web Development - Soft skills  ,Please input skills you learned in the following courses.    ITEC 4550 - Mobile Application Development  ,Please input skills you learned in the following courses.    ITEC 4550 - Mobile Application Development - Soft skills  ,Please input skills you learned in the following courses.    ITEC 4650 - Game Development  ,Please input skills you learned in the following courses.    ITEC 4650 - Game Development - Soft skills  ,Please input skills you learned in the following courses.    ITEC 4850 - 3D Modeling and Computer Animation  ,Please input skills you learned in the following courses.    ITEC 4850 - 3D Modeling and Computer Animation - Soft skills  ,Please leave us your comments.,Please input skills you learned in the following courses.    ITEC 2130 Web Technologies  ,Please input skills you learned in the following courses.    ITEC 2130 Web Technologies - Soft skills  ,Please input skills you learned in the following courses.    ITEC 2150 Intermediate Programming  ,Please input skills you learned in the following courses.    ITEC 2150 Intermediate Programming - Soft skills  ,Please input skills you learned in the following courses.    ITEC 3100 Intro to Networks  ,Please input skills you learned in the following courses.    ITEC 3100 Intro to Networks - Soft skills  ,Please input skills you learned in the following courses.    ITEC 3200 Intro to Databases  ,Please input skills you learned in the following courses.    ITEC 3200 Intro to Databases - Soft skills  ,Please input skills you learned in the following courses.    ITEC 3350 - Digital Commerce  ,Please input skills you learned in the following courses.    ITEC 3350 - Digital Commerce - Soft skills  ,Please input skills you learned in the following courses.    ITEC 3700 Systems Analysis and Design  ,Please input skills you learned in the following courses.    ITEC 3700 Systems Analysis and Design - Soft skills  ,Please input skills you learned in the following courses.    ITEC 3900 - Professional Practice and Ethics  ,Please input skills you learned in the following courses.    ITEC 3900 - Professional Practice and Ethics - Soft skills  ,Please input skills you learned in the following courses.    ITEC 4150 - Enterprise Process Integration  ,Please input skills you learned in the following courses.    ITEC 4150 - Enterprise Process Integration - Soft skills  ,Please input skills you learned in the following courses.    ITEC 4200 - Advanced Databases  ,Please input skills you learned in the following courses.    ITEC 4200 - Advanced Databases - Soft skills  ,Please input skills you learned in the following courses.    ITEC 4210 - Information Analytics  ,Please input skills you learned in the following courses.    ITEC 4210 - Information Analytics - Soft skills  ,Please input skills you learned in the following courses.    STEC 4500 - Undergraduate Research Project  ,Please input skills you learned in the following courses.    STEC 4500 - Undergraduate Research Project - Soft skills  ,Please input skills you learned in the following courses.    ITEC 4750 - Enterprise Architecture Design  ,Please input skills you learned in the following courses.    ITEC 4750 - Enterprise Architecture Design - Soft skills  ,Please input skills you learned in the following courses.    ITEC 4900 - Information Technology Internship  ,Please input skills you learned in the following courses.    ITEC 4900 - Information Technology Internship - Soft skills  ,Please input skills you learned in the following courses.    ACCT 2101 - Introduction to Financial Accounting  ,Please input skills you learned in the following courses.    ACCT 2101 - Introduction to Financial Accounting - Soft skills  ,Please input skills you learned in the following courses.    ACCT 2102 - Introduction to Managerial Accounting  ,Please input skills you learned in the following courses.    ACCT 2102 - Introduction to Managerial Accounting - Soft skills  ,Please leave us your comments.,Please input skills you learned in the following courses.    ITEC 2130 Web Technologies  ,Please input skills you learned in the following courses.    ITEC 2130 Web Technologies - Soft skills  ,Please input skills you learned in the following courses.    ITEC 2150 Intermediate Programming  ,Please input skills you learned in the following courses.    ITEC 2150 Intermediate Programming - Soft skills  ,Please input skills you learned in the following courses.    ITEC 3100 Intro to Networks  ,Please input skills you learned in the following courses.    ITEC 3100 Intro to Networks - Soft skills  ,Please input skills you learned in the following courses.    ITEC 3150 Advanced Programming  ,Please input skills you learned in the following courses.    ITEC 3150 Advanced Programming - Soft skills  ,Please input skills you learned in the following courses.    ITEC 3200 Intro to Databases  ,Please input skills you learned in the following courses.    ITEC 3200 Intro to Databases - Soft skills  ,Please input skills you learned in the following courses.    ITEC 3300 - Information Security  ,Please input skills you learned in the following courses.    ITEC 3300 - Information Security - Soft skills  ,Please input skills you learned in the following courses.    ITEC 3600 - Operating Systems  ,Please input skills you learned in the following courses.    ITEC 3600 - Operating Systems - Soft skills  ,Please input skills you learned in the following courses.    ITEC 3700 - Systems Analysis and Design  ,Please input skills you learned in the following courses.    ITEC 3700 - Systems Analysis and Design - Soft skills  ,Please input skills you learned in the following courses.    ITEC 3900 - Professional Practice and Ethics  ,Please input skills you learned in the following courses.    ITEC 3900 - Professional Practice and Ethics - Soft skills  ,Please input skills you learned in the following courses.    ITEC 4100 - Advanced Networks  ,Please input skills you learned in the following courses.    ITEC 4100 - Advanced Networks - Soft skills  ,Please input skills you learned in the following courses.    ITEC 4200 - Advanced Databases  ,Please input skills you learned in the following courses.    ITEC 4200 - Advanced Databases - Soft skills  ,Please input skills you learned in the following courses.    ITEC 4320 - Internet Security  ,Please input skills you learned in the following courses.    ITEC 4320 - Internet Security - Soft skills  ,Please input skills you learned in the following courses.    ITEC 4330 - System Administration  ,Please input skills you learned in the following courses.    ITEC 4330 - System Administration - Soft skills  ,Please input skills you learned in the following courses.    ITEC 4450 - Web Development  ,Please input skills you learned in the following courses.    ITEC 4450 - Web Development - Soft skills  ,Please input skills you learned in the following courses.    ITEC 4810 - Information Technology Project I  ,Please input skills you learned in the following courses.    ITEC 4810 - Information Technology Project I - Soft skills  ,Please leave us your comments.
,,,,,,,,,,,,,,,,,,,,,,,,,,,,,java,none,java,none,s,s,s,s,s,s,s,s,s,s,s,s,s,s,s,s,s,s,s,s,s,s,python,s,s,s,s,s,s,s,s,s,something,,,,,,,,,,,,,,,,,,,,,,,,,,,,,,,,,,,,,,,,,,,,,,,,,,,,,,,,,,,,,,,,,,,,,,,,,,,,,,,,,,,,,,,,,,,
,,,,,,,,,,,,,,,,,,,,,,,,,,,,,,,,,,,,,,,,,,,,,,,,,,,,,,,,,,,,,,,,,,,,,,,,,,,,,,,,,,,,,,,,,,,,,,,,,java,,,,,,,,,,,,,,,,,,html,,,,,,,,,,,,,,,,,,,,,,,,,,,,,,,,,,,,,,,,,
,,,,,,,,,,,,,,,,,,,,,,,,,,,,,,,,,,,,,,,,,,,,,,,,,,,,,,,,,,,,,,,,,,,,,,,,,,,,,,,,,,,,,,,,,,,,,,,,,,,,,,,,,,,,,,,,,,,,,,,,,,,,,,,,,,,,,,,,,,,,,,,,,,,,,,,,,,,,
,,,,,,,,,,,,,,,,,,,,,,,,,,,,,,,,,,,,,,,,,,,,,,,,,,,,,,,,,,,,,,,,,,,,,,,,,,,,,,,,,,,,,,,,,,,,,,,"HTML, CSS, JS",Project,JAVA,Project,,,"MS Access, SQL","team work, presentation",,,,,,,,,,,,,,,,,,,,,,,Sample Comment,,,,,,,,,,,,,,,,,,,,,,,,,,,,,,,
,,,,,,,,,,,,,,,,,,,,,,,,,,,,,,,,,,,,,,,,,,,,,,,,,,,,,,,,,,,,,,,,,,,,,,,,,,,,,,,,,,,,,,,,,,,,,,,,,,,,,,,,,,,,,,,,,,,,,,,,,,,,,,,,,,,,,,,,,,,,,,,,,,,,,,,,,,,,
,,,,,,,,,,,,,,,,,,,,,,,,,,,,,,,,,,,,,,,,,,,,,,,,,,,,,,,,,,,,,"calculation, testing, z-scores, graphing, plotting, data visualization","perseverance, work ethic, focus",,,,,,,,,,,,,,,,,,,,,,,,,,,,,,,,,,,,,,,,,,,,,,,,,,,,,,,,,,,,,,,,,,,,,,,,,,,,,,,,,,,,,,,,,,,,,,
Blender,,"Html, JavaScript, css",,"Windows, subnet, networking",,Java,,Sql,,,,"Java, mvc",,"JavaScript, jira, scrum, agile, outlook",Communication,,Presentation,,,"Java, testing, selenium",,Php,,,,"Python, jira, agile, scrum",,I think we need to have a heavier concentration on Spring or Spring boot because we have a jeavy concentration on java.,,,,,,,,,,,,,,,,,,,,,,,,,,,,,,,,,,,,,,,,,,,,,,,,,,,,,,,,,,,,,,,,,,,,,,,,,,,,,,,,,,,,,,,,,,,,,,,,,,,,,,,,,,,,,,,,,,,,,,,,,,,,,,,,
"GIMP, vector graphics, SVG",,"HTML, CSS",,"PacketTracer, MTA",,Java,teamwork,"MySQL, MySQL Workbench",,UML,,"Python, SDLC, Waterfall","class presentation, teamwork, leadership","Python, Postgres, Agile","teamwork, client relations, class presentation, networking, hackathoning",,professional ethics,,,"Selenium, Java, JUnit, unit tests, paired programming",,"PHP, javascript",teamwork,,,"Python, Django, Postgres",class presentation,"Front-End Frameworks: JQuery, Bootstrap, MaterializeCSS (after Web Dev and before Software Dev 2)
Back-End Frameworks: NodeJS, Django, etc...",,,,,,,,,,,,,,,,,,,,,,,,,,,,,,,,,,,,,,,,,,,,,,,,,,,,,,,,,,,,,,,,,,,,,,,,,,,,,,,,,,,,,,,,,,,,,,,,,,,,,,,,,,,,,,,,,,,,,,,,,,,,,,,,
,,,,,,,,,,,,,,,,,,,,,,,,,,,,,,,,,,,,,,,,,,,,,,,,,,,,,,,,,,,,,,,,,,,,,,,,,,,,,,,,,,,,,,,,,,,,,,,,,,,,,,,,,,,,,,,,,,,,,,,,,,,,,,,,,,,,,,,,,,,,,,,,,,,,,,,,,,,,
,,,,,,,,,,,,,,,,,,,,,,,,,,,,,,,,,,,,,,,,,,,,,,,,,,,,,,,,,,,,,,,,,,,,,,,,,,,,,,,,,,,,,,,,,,,,,,,,,,,,,,,,,,,,,,,,,,,,,,,,,,,,,,,,,,,,,,,,,,,,,,,,,,,,,,,,,,,,
,,,,,,,,,,,,,,,,,,,,,,,,,,,,,,,,,,,,,,,,,,,,,,,,,,,,,,,,,,,,,,,,,,,,,,,,,,,,,,,,,,,,,,,,,,,,,,,,,,,,,,,,,,,,,,,,,,,,,,,,,,,,,,,,,,,,,,,,,,,,,,,,,,,,,,,,,,,,
,,,,,,,,,,,,,,,,,,,,,,,,,,,,,,,,,,,,,,,,,,,,,,,,,,,,,,,,,,,,,,,,,,,,,,,,,,,,,,,,,,,,,,,,,,,,,,,,,,,,,,,,,,,,,,,,,,,,,,,,,,,,,,,,,,,,,,,,,,,,,,,,,,,,,,,,,,,,
,,,,,,,,,,,,,,,,,,,,,,,,,,,,,,,,,,,,,,,,,,,,,,,,,,,,,,,,,,,,,,,,,,,,,,,,,,,,,,,,,,,,,,,,,,,,,,,,,,,,,,,,,,,,,,,,,,,,,,,,,,,,,,,,,,,,,,,,,,,,,,,,,,,,,,,,,,,,
,,,,,,,,,,,,,,,,,,,,,,,,,,,,,,,,,,,,,,,,,,,,,,,,,,,,,,,,,,,,,,,,,,,,,,,,,,,,,,,,,,,,,,,,,,,,,,,,,,,,,,,,,,,,,,,,,,,,,,,,,,,,,,,,,,,,,,,,,,,,,,,,,,,,,,,,,,,,
,,,,,,,,,,,,,,,,,,,,,,,,,,,,,,,,,,,,,,,,,,,,,,,,,,,,,,,,,,,,,,,,,,,,,,,,,,,,,,,,,,,,,,,,,,,,,,,,,,,,,,,,,,,,,,,,,,,,,,,,,,,,,,,,,,,,,,,,,,,,,,,,,,,,,,,,,,,,
,,,,,,,,,,,,,,,,,,,,,,,,,,,,,,,,,,,,,,,,,,,,,,,,,,,,,,,,,,,,,,,,,,,,,,,,,,,,,,,,,,,,,,,,,,,,,,,,,,,,,,,,,,,,,,,,,,,,,,,,,,,,,,,,,,,,,,,,,,,,,,,,,,,,,,,,,,,,
,,,,,,,,,,,,,,,,,,,,,,,,,,,,,,,,,,,,,,,,,,,,,,,,,,,,,,,,,,,,,,,,,,,,,,,,,,,,,,,,,,,,,,,,,,,,,,,,,,,,,,,,,,,,,,,,,,,,,,,,,,,,,,,,,,,,,,,,,,,,,,,,,,,,,,,,,,,,
,,,,,,,,,,,,,,,,,,,,,,,,,,,,,,,,,,,,,,,,,,,,,,,,,,,,,,,,,,,,,,,,,,,,,,,,,,,,,,,,,,,,,,,,,,,,,,,,,,,,,,,,,,,,,,,,,,,,,,,,,,,,,,,,,,,,,,,,,,,,,,,,,,,,,,,,,,,,
editing,,html css,,,,Java,,SQL,,,,Java,Team Work and Communication,Java,Team Work and Communication,,,,,Java Selenium,,PHP,,,,varies,Team Work and Communication,"Spring Boot
There are classes missing from this survey. I don't see game dev or operating systems.",,,,,,,,,,,,,,,,,,,,,,,,,,,,,,,,,,,,,,,,,,,,,,,,,,,,,,,,,,,,,,,,,,,,,,,,,,,,,,,,,,,,,,,,,,,,,,,,,,,,,,,,,,,,,,,,,,,,,,,,,,,,,,,,
N/A,Teamwork,Php,Class presentation,N/A,N/A,Java,Leadership,SQL,Class presentation,Diagrams,Class presentation,"JavaScript,C#/.NET",Software development life cycle,"Razor pages, Java Spring","Working with client, SDLC",Ethics,Class presentation,Oracle,Class presentation,Selenium,Teamwork,Php,Class presentation,Android/Flutter,Class presentation,Php Laravel,Class presentation,"GGC should include Data structures & algorithms course to the ITEC curriculum if not already. Also, GGC should help students practice Leetcode problems to get prepared for entry level job interviews",,,,,,,,,,,,,,,,,,,,,,,,,,,,,,,,,,,,,,,,,,,,,,,,,,,,,,,,,,,,,,,,,,,,,,,,,,,,,,,,,,,,,,,,,,,,,,,,,,,,,,,,,,,,,,,,,,,,,,,,,,,,,,,,
Photoshop,,Front-end languages,,,,Java,,MySQL,,UML,Design,Java,Waterfall methodology,Java,Agile & Spring,,presentation,SQL,,Selenium & JUNIT,testing practices,,,,,,,"REST API, Data Structures and Algorithms. ",,,,,,,,,,,,,,,,,,,,,,,,,,,,,,,,,,,,,,,,,,,,,,,,,,,,,,,,,,,,,,,,,,,,,,,,,,,,,,,,,,,,,,,,,,,,,,,,,,,,,,,,,,,,,,,,,,,,,,,,,,,,,,,,
,,,,,,,,,,,,,,,,,,,,,,,,,,,,,,,,,,,,,,,,,,,,,,,,,,,,,,,,,,,,,,,,,,NA,NA,Java Scripting,Teamwork,NA,NA,NA,NA,NA,NA,NA,NA,NA,NA,NA,NA,NA,NA,NA,NA,NA,NA,NA,NA,NA,NA,NA,NA,Nice!,,,,,,,,,,,,,,,,,,,,,,,,,,,,,,,,,,,,,,,,,,,,,,,,,,,,,,,,,,,,,,
,,,,,,,,,,,,,,,,,,,,,,,,,,,,,,,Coding and understain OOJ,,,,,,,,,,,,,,,,,,,,,,,,Data base and Data annanlysis,,,,,,calculate percent of change,,Know how to do the apply matrix in reality,,I have done 3 class in this list,,,,,,,,,,,,,,,,,,,,,,,,,,,,,,,,,,,,,,,,,,,,,,,,,,,,,,,,,,,,,,,,,,,,,,,,,,,,,,,,,,,,,,,,,,,
,,,,,,,,,,,,,,,,,,,,,,,,,,,,,,,,,,,,,,,,,,,,,,,,,,,,,,,,,,,,,,,,,,,,Java,team work,,,,,,,,,,,,,,,,,,,,,,,,,,,,,,,,,,,,,,,,,,,,,,,,,,,,,,,,,,,,,,,,,,,,,,,,,,,,,,,,,,,,,,,
,,,,,,,,,,,,,,,,,,,,,,,,,,,,,,,,,,,,,,,,,,,,,,,,,,,,,,,,,,,,,,,,,,,,,,,,,,,,,,,,,,,,,,,,,,,,,,,,,,,,,,,,,,,,,,,,,,,,,,,,,,,,,,,,,,,,,,,,,,,,,,,,,,,,,,,,,,,,
,,,,,,,,,,,,,,,,,,,,,,,,,,,,,,,,,,,,,,,,,,,,,,,,,,,,,,,,,,,,,,,,,,,,,,,,,,,,,,,,,,,,,,,,,,,,,,,,,,,,,,,,,,,,,,,,,,,,,,,,,,,,,,,,,,,,,,,,,,,,,,,,,,,,,,,,,,,,
,,,,,,,,,,,,,,,,,,,,,,,,,,,,,,,,,,,,,,,,,,,,,,,,,,,,,,,,,,,,,,,,,,,,,,,,,,,,,,,,,,,,,,,,,,,,,,,,,,,,,,,,,,,,,,,,,,,,,,,,,,,,,,,,,,,,,,,,,,,,,,,,,,,,,,,,,,,,
,,,,,,,,,,,,,,,,,,,,,,,,,,,,,,,,,,,,,,,,,,,,,,,,,,,,,,,,,,,,,,,,,,,,,,,,,,,,,,,,,,,,,,,,,,,,,,,,,,,,,,,,,,,,,,,,,,,,,,,,,,,,,,,,,,,,,,,,,,,,,,,,,,,,,,,,,,,,
,,,,,,,,,,,,,,,,,,,,,,,,,,,,,,,,,,,,,,,,,,,,,,,,,,,,,,,,,,,,,,,,,,,,,,,,,,,,,,,,,,,,,,,,,,,,,,,,,,,,,,,,,,,,,,,,,,,,,,,,,,,,,,,,,,,,,,,,,,,,,,,,,,,,,,,,,,,,
,,,,,,,,,,,,,,,,,,,,,,,,,,,,,,,,,,,,,,,,,,,,,,,,,,,,,,,,,,,,,,,,,,,,,,,,,,,,,,,,,,,,,,,,,,,,,,,,,,,,,,,,,,,,,,,,,,,,,,,,,,,,,,,,,,,,,,,,,,,,,,,,,,,,,,,,,,,,
,,,,,,,,,,,,,,,,,,,,,,,,,,,,,,,,,,,,,,,,,,,,,,,,,,,,,,,,,,,,,,,,,,,,,,,,,,,,,,,,,,,,,,,,,,,,,,,,,,,,,,,,,,,,,,,,,,,,,,,,,,,,,,,,,,,,,,,,,,,,,,,,,,,,,,,,,,,,
,,,,,,,,,,,,,,,,,,,,,,,,,,,,,,,,,,,,,,,,,,,,,,,,,,,,,,,,,,,,,,,,,,,,,,,,,,,,,,,,,,,,,,,,,,,,,,,,,,,,,,,,,,,,,,,,,,,,,,,,,,,,,,,,,,,,,,,,,,,,,,,,,,,,,,,,,,,,
,,,,,,,,,,,,,,,,,,,,,,,,,,,,,,,,,,,,,,,,,,,,,,,,,,,,,,,,,,,,,,,,,,,,,,,,,,,,,,,,,,,,,,,,,,,,,,,,,,,,,,,,,,,,,,,,,,,,,,,,,,,,,,,,,,,,,,,,,,,,,,,,,,,,,,,,,,,,
,,,,,,,,,,,,,,,,,,,,,,,,,,,,,,,,,,,,,,,,,,,,,,,,,,,,,,,,,,,,,,,,,,,,,,,,,,,,,,,,,,,,,,,,,,,,,,,,,,,,,,,,,,,,,,,,,,,,,,,,,,,,,,,,,,,,,,,,,,,,,,,,,,,,,,,,,,,,
,,,,,,,,,,,,,,,,,,,,,,,,,,,,,,,,,,,,,,,,,,,,,,,,,,,,,,,,,,,,,,,,,,,,,,,,,,,,,,,,,,,,,,,,,,,,,,,,,,,,,,,,,,,,,,,,,,,,,,,,,,,,,,,,,,,,,,,,,,,,,,,,,,,,,,,,,,,,
Graphical Design,,"HTML, JS",Class presentation ,Networking Aspects,,Advanced level Java (Big O efficiency),,MySQL,,,"Designing Aspects, preplanning, teamwork",Waterfall,Teamwork,Agile,"Teamwork, Client communication ",,"Teamwork, class presentation ",Oracle SQL,,Selenium Testing,,"Adv HTML, JS, PHP",,,,,"Critical thinking, teamwork",Definitely more in-depth expansion between front-end and back-end and how they correspond to each other. ,,,,,,,,,,,,,,,,,,,,,,,,,,,,,,,,,,,,,,,,,,,,,,,,,,,,,,,,,,,,,,,,,,,,,,,,,,,,,,,,,,,,,,,,,,,,,,,,,,,,,,,,,,,,,,,,,,,,,,,,,,,,,,,,
,,,,,,,,,,,,,,,,,,,,,,,,,,,,,,,,,,,,,,,,,,,,,,,,,,,,,,,,,,,,,,,,,,,,,,,,,,,,,,,,,,,,,,,,,,,,,,,,,,,,,,,,,,,,,,,,,,,,,,,,,,,,,,,,,,,,,,,,,,,,,,,,,,,,,,,,,,,,
"Gimp, audacity. Vector graphics.",Creative design,HTML CSS JavaScript,Team presentation,"Ports, MTA cert.",,Lots of things!,Organization,"SQL, tables",time management,UML ,,"Documentation, Methologies",Team work,"React, JavaScript, Firebase, JIRA, Agile",Team Work,good subjects,"Presentations, teamwork",NA,NA,JUnit testing,,NA,NA,NA,NA,NA,NA,"More scripting languages such as perl + PHP, maybe Angular. More emphasis on Linux as well. Security issues in Software as well. ",,,,,,,,,,,,,,,,,,,,,,,,,,,,,,,,,,,,,,,,,,,,,,,,,,,,,,,,,,,,,,,,,,,,,,,,,,,,,,,,,,,,,,,,,,,,,,,,,,,,,,,,,,,,,,,,,,,,,,,,,,,,,,,,
,,,,,,,,,,,,,,,,,,,,,,,,,,,,,,,,,,,,,,,,,,,,,,,,,,,,,,,,,,,,,,,,,,,,,,,,,,,,,,,,,,,,,,,,,,,,,,,,,,,,,,,,,,,,,,,,,,,,,,,,,,,,,,,,,,,,,,,,,,,,,,,,,,,,,,,,,,,,
,,,,,,,,,,,,,,,,,,,,,,,,,,,,,,,,,,,,,,,,,,,,,,,,,,,,,,,,,,,,,,,,,,,,,,,,,,,,,,,,,,,,,,,,,,,,,,,,,,,,,,,,,,,,,,,,,,,,,,,,,,,,,,,,,,,,,,,,,,,,,,,,,,,,,,,,,,,,
,,,,,,,,,,,,,,,,,,,,,,,,,,,,,,,,,,,,,,,,,,,,,,,,,,,,,,,,,,,,,,,,,,,,,,,,,,,,,,,,,,,,,,,,,,,,,,,,,,,,,,,,,,,,,,,,,,,,,,,,,,,,,,,,,,,,,,,,,,,,,,,,,,,,,,,,,,,,
,,,,,,,,,,,,,,,,,,,,,,,,,,,,,,,,,,,,,,,,,,,,,,,,,,,,,,,,,,,,,,,,,,,,,,,,,,,,,,,,,,,,,,,,,,,,,,,,,,,,,,,,,,,,,,,,,,,,,,,,,,,,,,,,,,,,,,,,,,,,,,,,,,,,,,,,,,,,
,,,,,,,,,,,,,,,,,,,,,,,,,,,,,,,Java,communication,MySQL,,,,Java,"Team work, class presentation","firebase, JavaScript, React Native","Class presentation, team work, leadership",,"class presentation, team work",,,,,Oracle,team work,,,"python, r, tableau",class presentation,python,"team work, class presentation, leadership",python,,,,,,,,,,,,,,,,,,,,,,,,,,,,,,,,,,,,,,,,,,,,,,,,,,,,,,,,,,,,,,,,,,,,,,,,,,,,,,,,,,,,,,,,,,,,,,,,,,,,,
,,,,,,,,,,,,,,,,,,,,,,,,,,,,,,,"Java, Java FX",,mySQL,,,,Git Git Bash Java SQLite,"class presentation, working in a team",,,,class presentation workplace ethics,AWS,,,,Oracle,,,,tablue altervista html css javascript spark gitbash python ,class presentation,Python,"class presentation, working in a team",Python,,Python,"class presentation, working in a team",,,R studio,,,,,,,,,,,,,,,,,,,,,,,,,,,,,,,,,,,,,,,,,,,,,,,,,,,,,,,,,,,,,,,,,,,,,,,,,,,,,,,,,,,,,,,,,,,,,,,
,,,,,,,,,,,,,,,,,,,,,,,,,,,,,Cisco Packet Tracer,,Java,,SQL,,,,Java SQL,Teamwork Time Management,,,,Communication,AWS,,,,,,SQL,,Python JavaScript Hadoop Spark Python,,Python Web Scraper,,Python,,Machine Learning,,,,R RStudio,,,,,,,,,,,,,,,,,,,,,,,,,,,,,,,,,,,,,,,,,,,,,,,,,,,,,,,,,,,,,,,,,,,,,,,,,,,,,,,,,,,,,,,,,,,,,,,
,,,,,,,,,,,,,,,,,,,,,,,,,,,,,CLI,Time management,Java,"Time management, critical thinking, problem solving",MySQL,Teamwork,SAP,N/A,Java,"Teamwork, leadership, critical thinking",N/A,N/A,N/A,Communications,AWS,Critical Thinking,N/A,N/A,Oracle SQL,Time Management,SAP,critical thinking,"Python, R","time management, critical thinking",Python,"Critical Thinking, time management, teamwork, comunications",N/A,N/A,"Python, Jupyter Notebook","Critical Thinking, time management, teamwork, comunications",N/A,N/A,Statistics,Critical Thinking,Algebra,Critical Thinking,this is a very interesting survey. Good luck.,,,,,,,,,,,,,,,,,,,,,,,,,,,,,,,,,,,,,,,,,,,,,,,,,,,,,,,,,,,,,,,,,,,,,,,,,,,,,,,,,,,,,,,,,,,
,,,,,,,,,,,,,,,,,,,,,,,,,,,,,CLI,Time management,Java,N/A,MySQL,Time management ,SAP,Class presentation,Java,"Class presentation, leadership, team work",N/A,N/A,N/A,Class presentation,AWS,N/A,N/A,N/A,MySQL,Time management,SAP,N/A,Python,Class presentation,Python,Class presentation,N/A,N/A,Python,N/A,N/A,N/A,N/A,N/A,N/A,N/A,,,,,,,,,,,,,,,,,,,,,,,,,,,,,,,,,,,,,,,,,,,,,,,,,,,,,,,,,,,,,,,,,,,,,,,,,,,,,,,,,,,,,,,,,,,,
,,,,,,,,,,,,,,,,,,,,,,,,,,,,,Network building,,"Java, object-oriented programming",,SQL,,UML,,Java,"Team work, project organization",,,,"Presentation, public speaking ","AWS, server operation",,,,"SQL, noSQL",,Business Intelligence,,"Python, Data Analysis, R, noSQL",,"Python, Data Analysis","Agile, teamwork","Python, Data Analysis ",,"ML, AI, Neural Networks, Deep Learning ",,,,,,Linear Algebra,,,,,,,,,,,,,,,,,,,,,,,,,,,,,,,,,,,,,,,,,,,,,,,,,,,,,,,,,,,,,,,,,,,,,,,,,,,,,,,,,,,,,,,,,,,,,
,,,,,,,,,,,,,,,,,,,,,,,,,,,,,,Team work and time management ,Java,Time management ,SQL,Team work and time management ,,,"Java, GitHub ","Team work, time management, leadership ",,,,"Team work, class presentation, time management, leadership ",AWS,Time management ,,,SQL,Time management ,"Web Scrubbing, Eclipse database ",Time management ,,,"Jira, GitHub ","Time management, class presentation, team work ",Python ,,"Classification, Neuron Network, Linear Regression ","Time management, class presentation, team work ",,,,Time management ,,Time management ,,,,,,,,,,,,,,,,,,,,,,,,,,,,,,,,,,,,,,,,,,,,,,,,,,,,,,,,,,,,,,,,,,,,,,,,,,,,,,,,,,,,,,,,,,,,
